Topic_ID,Topic,Bloom_Response,Bloom_Latency,SOLO_Response,SOLO_Latency
1,甲数除以乙数的商是1.5，如果甲数增加20，则甲数是乙的4倍．原来甲数=．,"好的，我将作为教育专家，按照 Bloom 分类法的高阶认知维度来分析课题《甲数除以乙数的商是1.5，如果甲数增加20，则甲数是乙的4倍．原来甲数=．》。

**1. [分析层]：课题核心要素的拆解与联系**

这个课题的核心在于建立两个关于“甲数”和“乙数”之间的关系，并利用这两个关系来求解“甲数”的原始值。我们可以将其分解为以下几个关键要素：

* **关系一：甲数除以乙数的商是1.5**  这可以转化为两个等式：
    *  甲数 / 乙数 = 1.5  (或  甲 = 1.5 * 乙)
* **关系二：如果甲数增加20，则甲数是乙的4倍**  这可以转化为另一个等式：
    * 甲 + 20 = 4 * 乙
* **未知数：**  甲数 (x) 和 乙数 (y)
* **目标：**  求出原来甲数 (x) 的值。

**联系：**  这两个关系之间存在着相互依赖。关系二的建立，实际上是基于关系一的“甲数”和“乙数”的定义。  我们利用关系二中的“甲+20”来替换关系一中的“甲”，从而建立一个新的方程，最终解这个方程就能求出“甲数”的原始值。  本质上，这是一个利用代数方程组解决问题的过程。

**2. [评价层]：课题的局限性**

这个课题本身在当前研究或应用中存在一些局限性，主要体现在以下几个方面：

* **过于简化：**  题目中的信息量相对较少，只提供了两个直接关系，缺乏对“甲数”和“乙数”的更多约束。  在实际应用中，如果问题更加复杂，例如“乙数”的范围、“甲数”的性质等，则需要更多的信息才能准确求解。
* **依赖于特定数值：**  1.5 和 4 这样的数值在实际应用中可能不够通用。  如果题目中的数值可以变化，那么解题的思路也会相应变化，需要更灵活的思考。
* **缺乏实际背景：**  题目没有提供任何实际背景或情境，使得解题过程更加抽象和脱离实际。  在实际应用中，问题通常会与具体的场景联系起来，例如在工程计算、物理实验等领域。
* **仅限于线性关系：**  题目假设了甲数和乙数之间的关系是线性的，即增加甲数20后，甲数是乙的4倍。  如果关系是非线性的，例如甲数增加20后，甲数是乙的4倍的条件只是近似的，那么解题方法会更加复杂。

总而言之，这个课题是一个很好的基础题，但需要注意其简化性和抽象性，在实际应用中需要根据具体情况进行调整和补充。

**3. [创造层]：全新应用场景与改进方案**

基于该课题原理，我们可以设计一个全新的应用场景，并提出改进方案，使其更具实用性和挑战性。

**应用场景： 智能家居环境控制**

假设一个智能家居系统，其中“甲数”代表房间的温度（摄氏度），“乙数”代表房间的设定温度（摄氏度）。

* **关系一：** 房间的实际温度除以设定温度的商是1.5 (例如，实际温度是 22.5 摄氏度，设定温度是 1",26.507066011428833,"好的，我将作为教育专家，按照 SOLO 分类法的思维结构层次来分析课题《甲数除以乙数的商是1.5，如果甲数增加20，则甲数是乙的4倍．原来甲数=．》。

**1. [关联水平] (无意识 - 表面理解)**

在这个课题中，所有概念都呈现出一种孤立的、机械式的关联。 
*   **“甲数除以乙数的商是1.5”** 意味着我们有了一个简单的分数关系：甲数 / 乙数 = 1.5。
*   **“如果甲数增加20，则甲数是乙的4倍”** 意味着我们有另一个简单的比例关系：甲数 + 20 = 4 * 乙数。
*   这些信息被视为独立的两个方程式，学生需要分别解决。 
*   **没有对这些概念之间的内在联系进行整合。** 学生可能只是通过代数运算来解方程，但不会真正理解这两个方程在表达同一数学关系的两种不同方式。  这个关联水平仅仅是信息收集和应用，缺乏深度理解。

**2. [拓展抽象水平] (象征性 - 概念理解)**

这个课题实际上蕴含着一个关于比例、比例系数和方程组的更深层次的数学思想。我们可以将其泛化到以下几个方面：

*   **比例系数的转换与应用：** 1.5 可以理解为 3/2 的比例系数。 题目巧妙地利用了比例系数的概念，将两个不同的比例关系（除法和倍数关系）联系起来。  学生需要理解比例系数不仅仅是数字，而是表示比例关系的量值。
*   **方程组的本质：**  这个课题可以看作是一个简单的方程组的例子。  方程组的核心在于用多个方程来描述同一个问题，从而得到多个变量的值。  它体现了数学建模的本质：用数学语言来描述现实世界的问题。
*   **线性关系与函数：**  如果我们将“甲数是乙的4倍”理解为函数关系，我们可以得到 y = 4x，其中 x 代表甲数，y 代表乙数。  这个课题可以被视为一个简单的线性函数问题，学生需要理解线性函数与比例关系之间的联系。
*   **跨学科联系 - 几何与比例：**  这个课题可以与几何知识联系起来。  例如，如果我们将乙数视为一个长度，那么甲数可以被视为这个长度的 1.5 倍，再增加 20，则甲数是乙数的 4 倍。  这体现了数学在不同学科之间的联系。

**更进一步的理论层面：**  这个课题可以被视为一个关于“变换”和“映射”的数学问题。  “增加20”可以看作是一种变换，而“是4倍”可以看作是一种映射。  这种变换和映射的思想在计算机科学、信息论等领域都有重要的应用。  例如，在图像处理中，变换和映射是核心概念。

**总结：**

这个课题不仅仅是一个简单的代数问题，它蕴含了丰富的数学思想，例如比例系数、方程组、线性函数以及变换和映射等。  通过解决这个问题，学生不仅可以掌握基本的代数运算技能，还可以培养更深层次的数学思维能力，并将其应用于其他领域。  关键在于引导学生理解这些概念之间的内在联系，并将其与实际问题联系起来。

---

希望这个分析能够满足您的要求。  请随时提出您对我的回答的反馈意见。",20.321672916412354
